Year,Quarter,Date,Country,InterestRate
1980,Q1,1980-01-01,FederalReserve,17.61
1980,Q1,1980-01-01,BankOfEngland,17
1980,Q1,1980-01-01,BankOfJapan,9
1980,Q1,1980-01-01,PeoplesBankOfChina,5.04
1980,Q1,1980-01-01,ReserveBankOfAustralia,9.5
1980,Q1,1980-01-01,BankOfCanada,14.05
1980,Q1,1980-01-01,SwissNationalBank,3
1980,Q2,1980-04-01,FederalReserve,9.47
1980,Q2,1980-04-01,BankOfEngland,16
1980,Q2,1980-04-01,BankOfJapan,9
1980,Q2,1980-04-01,PeoplesBankOfChina,5.04
1980,Q2,1980-04-01,ReserveBankOfAustralia,9.5
1980,Q2,1980-04-01,BankOfCanada,10.07
1980,Q2,1980-04-01,SwissNationalBank,3
1980,Q3,1980-07-01,FederalReserve,10.87
1980,Q3,1980-07-01,BankOfEngland,16
1980,Q3,1980-07-01,BankOfJapan,8.25
1980,Q3,1980-07-01,PeoplesBankOfChina,5.04
1980,Q3,1980-07-01,ReserveBankOfAustralia,9.5
1980,Q3,1980-07-01,BankOfCanada,10.23
1980,Q3,1980-07-01,SwissNationalBank,3
1980,Q4,1980-10-01,FederalReserve,18.9
1980,Q4,1980-10-01,BankOfEngland,14
1980,Q4,1980-10-01,BankOfJapan,7.25
1980,Q4,1980-10-01,PeoplesBankOfChina,5.04
1980,Q4,1980-10-01,ReserveBankOfAustralia,9.5
1980,Q4,1980-10-01,BankOfCanada,13.73
1980,Q4,1980-10-01,SwissNationalBank,3
1981,Q1,1981-01-01,FederalReserve,15.93
1981,Q1,1981-01-01,BankOfEngland,13
1981,Q1,1981-01-01,BankOfJapan,7.25
1981,Q1,1981-01-01,PeoplesBankOfChina,5.04
1981,Q1,1981-01-01,ReserveBankOfAustralia,9.5
1981,Q1,1981-01-01,BankOfCanada,15.08
1981,Q1,1981-01-01,SwissNationalBank,3
1981,Q2,1981-04-01,FederalReserve,19.1
1981,Q2,1981-04-01,BankOfEngland,12
1981,Q2,1981-04-01,BankOfJapan,6.25
1981,Q2,1981-04-01,PeoplesBankOfChina,5.04
1981,Q2,1981-04-01,ReserveBankOfAustralia,9.5
1981,Q2,1981-04-01,BankOfCanada,17.91
1981,Q2,1981-04-01,SwissNationalBank,3
1981,Q3,1981-07-01,FederalReserve,15.87
1981,Q3,1981-07-01,BankOfEngland,14
1981,Q3,1981-07-01,BankOfJapan,6.25
1981,Q3,1981-07-01,PeoplesBankOfChina,5.04
1981,Q3,1981-07-01,ReserveBankOfAustralia,9.5
1981,Q3,1981-07-01,BankOfCanada,15.08
1981,Q3,1981-07-01,SwissNationalBank,3
1981,Q4,1981-10-01,FederalReserve,12.37
1981,Q4,1981-10-01,BankOfEngland,15
1981,Q4,1981-10-01,BankOfJapan,5.5
1981,Q4,1981-10-01,PeoplesBankOfChina,5.04
1981,Q4,1981-10-01,ReserveBankOfAustralia,9.5
1981,Q4,1981-10-01,BankOfCanada,12.52
1981,Q4,1981-10-01,SwissNationalBank,3
1982,Q1,1982-01-01,FederalReserve,14.68
1982,Q1,1982-01-01,BankOfEngland,14
1982,Q1,1982-01-01,BankOfJapan,5.5
1982,Q1,1982-01-01,PeoplesBankOfChina,5.04
1982,Q1,1982-01-01,ReserveBankOfAustralia,10.5
1982,Q1,1982-01-01,BankOfCanada,13.96
1982,Q1,1982-01-01,SwissNationalBank,3
1982,Q2,1982-04-01,FederalReserve,14.15
1982,Q2,1982-04-01,BankOfEngland,13
1982,Q2,1982-04-01,BankOfJapan,5.5
1982,Q2,1982-04-01,PeoplesBankOfChina,5.04
1982,Q2,1982-04-01,ReserveBankOfAustralia,11.5
1982,Q2,1982-04-01,BankOfCanada,14.61
1982,Q2,1982-04-01,SwissNationalBank,3
1982,Q3,1982-07-01,FederalReserve,10.12
1982,Q3,1982-07-01,BankOfEngland,11
1982,Q3,1982-07-01,BankOfJapan,5.5
1982,Q3,1982-07-01,PeoplesBankOfChina,5.04
1982,Q3,1982-07-01,ReserveBankOfAustralia,12.5
1982,Q3,1982-07-01,BankOfCanada,11.35
1982,Q3,1982-07-01,SwissNationalBank,3
1982,Q4,1982-10-01,FederalReserve,8.95
1982,Q4,1982-10-01,BankOfEngland,10
1982,Q4,1982-10-01,BankOfJapan,5.5
1982,Q4,1982-10-01,PeoplesBankOfChina,5.04
1982,Q4,1982-10-01,ReserveBankOfAustralia,12.5
1982,Q4,1982-10-01,BankOfCanada,9.64
1982,Q4,1982-10-01,SwissNationalBank,3
1983,Q1,1983-01-01,FederalReserve,8.77
1983,Q1,1983-01-01,BankOfEngland,10
1983,Q1,1983-01-01,BankOfJapan,5.5
1983,Q1,1983-01-01,PeoplesBankOfChina,5.04
1983,Q1,1983-01-01,ReserveBankOfAustralia,11.5
1983,Q1,1983-01-01,BankOfCanada,9.38
1983,Q1,1983-01-01,SwissNationalBank,3
1983,Q2,1983-04-01,FederalReserve,8.98
1983,Q2,1983-04-01,BankOfEngland,10
1983,Q2,1983-04-01,BankOfJapan,5.5
1983,Q2,1983-04-01,PeoplesBankOfChina,5.04
1983,Q2,1983-04-01,ReserveBankOfAustralia,10.5
1983,Q2,1983-04-01,BankOfCanada,9.38
1983,Q2,1983-04-01,SwissNationalBank,3
1983,Q3,1983-07-01,FederalReserve,9.45
1983,Q3,1983-07-01,BankOfEngland,9.5
1983,Q3,1983-07-01,BankOfJapan,5.5
1983,Q3,1983-07-01,PeoplesBankOfChina,5.04
1983,Q3,1983-07-01,ReserveBankOfAustralia,10
1983,Q3,1983-07-01,BankOfCanada,9.71
1983,Q3,1983-07-01,SwissNationalBank,3
1983,Q4,1983-10-01,FederalReserve,9.47
1983,Q4,1983-10-01,BankOfEngland,9
1983,Q4,1983-10-01,BankOfJapan,5.5
1983,Q4,1983-10-01,PeoplesBankOfChina,5.04
1983,Q4,1983-10-01,ReserveBankOfAustralia,9.5
1983,Q4,1983-10-01,BankOfCanada,9.78
1983,Q4,1983-10-01,SwissNationalBank,3
1984,Q1,1984-01-01,FederalReserve,9.91
1984,Q1,1984-01-01,BankOfEngland,9
1984,Q1,1984-01-01,BankOfJapan,5.5
1984,Q1,1984-01-01,PeoplesBankOfChina,5.04
1984,Q1,1984-01-01,ReserveBankOfAustralia,9.5
1984,Q1,1984-01-01,BankOfCanada,10.39
1984,Q1,1984-01-01,SwissNationalBank,3
1984,Q2,1984-04-01,FederalReserve,10.82
1984,Q2,1984-04-01,BankOfEngland,9.5
1984,Q2,1984-04-01,BankOfJapan,5.5
1984,Q2,1984-04-01,PeoplesBankOfChina,5.04
1984,Q2,1984-04-01,ReserveBankOfAustralia,10
1984,Q2,1984-04-01,BankOfCanada,11.63
1984,Q2,1984-04-01,SwissNationalBank,3
1984,Q3,1984-07-01,FederalReserve,11.3
1984,Q3,1984-07-01,BankOfEngland,12
1984,Q3,1984-07-01,BankOfJapan,5.5
1984,Q3,1984-07-01,PeoplesBankOfChina,5.04
1984,Q3,1984-07-01,ReserveBankOfAustralia,10.5
1984,Q3,1984-07-01,BankOfCanada,11.4
1984,Q3,1984-07-01,SwissNationalBank,3
1984,Q4,1984-10-01,FederalReserve,8.75
1984,Q4,1984-10-01,BankOfEngland,9.5
1984,Q4,1984-10-01,BankOfJapan,5.5
1984,Q4,1984-10-01,PeoplesBankOfChina,5.04
1984,Q4,1984-10-01,ReserveBankOfAustralia,10.5
1984,Q4,1984-10-01,BankOfCanada,9.52
1984,Q4,1984-10-01,SwissNationalBank,3
1985,Q1,1985-01-01,FederalReserve,8.52
1985,Q1,1985-01-01,BankOfEngland,13
1985,Q1,1985-01-01,BankOfJapan,5.5
1985,Q1,1985-01-01,PeoplesBankOfChina,5.04
1985,Q1,1985-01-01,ReserveBankOfAustralia,10.5
1985,Q1,1985-01-01,BankOfCanada,9.7
1985,Q1,1985-01-01,SwissNationalBank,3
1985,Q2,1985-04-01,FederalReserve,7.97
1985,Q2,1985-04-01,BankOfEngland,12
1985,Q2,1985-04-01,BankOfJapan,5.5
1985,Q2,1985-04-01,PeoplesBankOfChina,5.04
1985,Q2,1985-04-01,ReserveBankOfAustralia,15
1985,Q2,1985-04-01,BankOfCanada,9.52
1985,Q2,1985-04-01,SwissNationalBank,3
1985,Q3,1985-07-01,FederalReserve,7.92
1985,Q3,1985-07-01,BankOfEngland,10.5
1985,Q3,1985-07-01,BankOfJapan,5
1985,Q3,1985-07-01,PeoplesBankOfChina,5.04
1985,Q3,1985-07-01,ReserveBankOfAustralia,15.5
1985,Q3,1985-07-01,BankOfCanada,9.45
1985,Q3,1985-07-01,SwissNationalBank,3
1985,Q4,1985-10-01,FederalReserve,7.94
1985,Q4,1985-10-01,BankOfEngland,11.5
1985,Q4,1985-10-01,BankOfJapan,5
1985,Q4,1985-10-01,PeoplesBankOfChina,5.04
1985,Q4,1985-10-01,ReserveBankOfAustralia,15.5
1985,Q4,1985-10-01,BankOfCanada,9.32
1985,Q4,1985-10-01,SwissNationalBank,3
1986,Q1,1986-01-01,FederalReserve,7.48
1986,Q1,1986-01-01,BankOfEngland,11
1986,Q1,1986-01-01,BankOfJapan,5
1986,Q1,1986-01-01,PeoplesBankOfChina,5.76
1986,Q1,1986-01-01,ReserveBankOfAustralia,15.5
1986,Q1,1986-01-01,BankOfCanada,9.52
1986,Q1,1986-01-01,SwissNationalBank,3
1986,Q2,1986-04-01,FederalReserve,6.85
1986,Q2,1986-04-01,BankOfEngland,10
1986,Q2,1986-04-01,BankOfJapan,4.5
1986,Q2,1986-04-01,PeoplesBankOfChina,5.76
1986,Q2,1986-04-01,ReserveBankOfAustralia,15.5
1986,Q2,1986-04-01,BankOfCanada,8.99
1986,Q2,1986-04-01,SwissNationalBank,3
1986,Q3,1986-07-01,FederalReserve,5.89
1986,Q3,1986-07-01,BankOfEngland,10
1986,Q3,1986-07-01,BankOfJapan,4
1986,Q3,1986-07-01,PeoplesBankOfChina,5.76
1986,Q3,1986-07-01,ReserveBankOfAustralia,15.5
1986,Q3,1986-07-01,BankOfCanada,8.1
1986,Q3,1986-07-01,SwissNationalBank,3
1986,Q4,1986-10-01,FederalReserve,6.03
1986,Q4,1986-10-01,BankOfEngland,11
1986,Q4,1986-10-01,BankOfJapan,3.5
1986,Q4,1986-10-01,PeoplesBankOfChina,5.76
1986,Q4,1986-10-01,ReserveBankOfAustralia,15.5
1986,Q4,1986-10-01,BankOfCanada,8.54
1986,Q4,1986-10-01,SwissNationalBank,3
1987,Q1,1987-01-01,FederalReserve,6.13
1987,Q1,1987-01-01,BankOfEngland,10
1987,Q1,1987-01-01,BankOfJapan,3.5
1987,Q1,1987-01-01,PeoplesBankOfChina,5.76
1987,Q1,1987-01-01,ReserveBankOfAustralia,15.5
1987,Q1,1987-01-01,BankOfCanada,8.38
1987,Q1,1987-01-01,SwissNationalBank,3
1987,Q2,1987-04-01,FederalReserve,6.73
1987,Q2,1987-04-01,BankOfEngland,9
1987,Q2,1987-04-01,BankOfJapan,3.5
1987,Q2,1987-04-01,PeoplesBankOfChina,5.76
1987,Q2,1987-04-01,ReserveBankOfAustralia,15.5
1987,Q2,1987-04-01,BankOfCanada,8.79
1987,Q2,1987-04-01,SwissNationalBank,3
1987,Q3,1987-07-01,FederalReserve,6.81
1987,Q3,1987-07-01,BankOfEngland,10
1987,Q3,1987-07-01,BankOfJapan,3.5
1987,Q3,1987-07-01,PeoplesBankOfChina,5.76
1987,Q3,1987-07-01,ReserveBankOfAustralia,14.5
1987,Q3,1987-07-01,BankOfCanada,9.52
1987,Q3,1987-07-01,SwissNationalBank,3
1987,Q4,1987-10-01,FederalReserve,6.77
1987,Q4,1987-10-01,BankOfEngland,8.5
1987,Q4,1987-10-01,BankOfJapan,3.5
1987,Q4,1987-10-01,PeoplesBankOfChina,5.76
1987,Q4,1987-10-01,ReserveBankOfAustralia,13.5
1987,Q4,1987-10-01,BankOfCanada,9.52
1987,Q4,1987-10-01,SwissNationalBank,3
1988,Q1,1988-01-01,FederalReserve,6.58
1988,Q1,1988-01-01,BankOfEngland,8
1988,Q1,1988-01-01,BankOfJapan,3.5
1988,Q1,1988-01-01,PeoplesBankOfChina,7.92
1988,Q1,1988-01-01,ReserveBankOfAustralia,12
1988,Q1,1988-01-01,BankOfCanada,9.11
1988,Q1,1988-01-01,SwissNationalBank,3
1988,Q2,1988-04-01,FederalReserve,7.34
1988,Q2,1988-04-01,BankOfEngland,7.5
1988,Q2,1988-04-01,BankOfJapan,3.5
1988,Q2,1988-04-01,PeoplesBankOfChina,7.92
1988,Q2,1988-04-01,ReserveBankOfAustralia,12
1988,Q2,1988-04-01,BankOfCanada,9.7
1988,Q2,1988-04-01,SwissNationalBank,3
1988,Q3,1988-07-01,FederalReserve,8.01
1988,Q3,1988-07-01,BankOfEngland,10
1988,Q3,1988-07-01,BankOfJapan,3.5
1988,Q3,1988-07-01,PeoplesBankOfChina,7.92
1988,Q3,1988-07-01,ReserveBankOfAustralia,12
1988,Q3,1988-07-01,BankOfCanada,10.07
1988,Q3,1988-07-01,SwissNationalBank,3
1988,Q4,1988-10-01,FederalReserve,8.76
1988,Q4,1988-10-01,BankOfEngland,13
1988,Q4,1988-10-01,BankOfJapan,3.5
1988,Q4,1988-10-01,PeoplesBankOfChina,7.92
1988,Q4,1988-10-01,ReserveBankOfAustralia,13.5
1988,Q4,1988-10-01,BankOfCanada,10.33
1988,Q4,1988-10-01,SwissNationalBank,3
1989,Q1,1989-01-01,FederalReserve,9.85
1989,Q1,1989-01-01,BankOfEngland,13
1989,Q1,1989-01-01,BankOfJapan,3.5
1989,Q1,1989-01-01,PeoplesBankOfChina,7.92
1989,Q1,1989-01-01,ReserveBankOfAustralia,15
1989,Q1,1989-01-01,BankOfCanada,11.81
1989,Q1,1989-01-01,SwissNationalBank,3
1989,Q2,1989-04-01,FederalReserve,9.53
1989,Q2,1989-04-01,BankOfEngland,13
1989,Q2,1989-04-01,BankOfJapan,4
1989,Q2,1989-04-01,PeoplesBankOfChina,7.92
1989,Q2,1989-04-01,ReserveBankOfAustralia,17
1989,Q2,1989-04-01,BankOfCanada,12.29
1989,Q2,1989-04-01,SwissNationalBank,3
1989,Q3,1989-07-01,FederalReserve,8.54
1989,Q3,1989-07-01,BankOfEngland,13
1989,Q3,1989-07-01,BankOfJapan,4.25
1989,Q3,1989-07-01,PeoplesBankOfChina,7.92
1989,Q3,1989-07-01,ReserveBankOfAustralia,17
1989,Q3,1989-07-01,BankOfCanada,12.46
1989,Q3,1989-07-01,SwissNationalBank,3
1989,Q4,1989-10-01,FederalReserve,8.45
1989,Q4,1989-10-01,BankOfEngland,15
1989,Q4,1989-10-01,BankOfJapan,4.25
1989,Q4,1989-10-01,PeoplesBankOfChina,7.92
1989,Q4,1989-10-01,ReserveBankOfAustralia,17
1989,Q4,1989-10-01,BankOfCanada,12.06
1989,Q4,1989-10-01,SwissNationalBank,3
1990,Q1,1990-01-01,FederalReserve,8.28
1990,Q1,1990-01-01,BankOfEngland,15
1990,Q1,1990-01-01,BankOfJapan,5.25
1990,Q1,1990-01-01,PeoplesBankOfChina,8.64
1990,Q1,1990-01-01,ReserveBankOfAustralia,17
1990,Q1,1990-01-01,BankOfCanada,12.87
1990,Q1,1990-01-01,SwissNationalBank,5
1990,Q2,1990-04-01,FederalReserve,8.17
1990,Q2,1990-04-01,BankOfEngland,15
1990,Q2,1990-04-01,BankOfJapan,6
1990,Q2,1990-04-01,PeoplesBankOfChina,8.64
1990,Q2,1990-04-01,ReserveBankOfAustralia,16
1990,Q2,1990-04-01,BankOfCanada,13.22
1990,Q2,1990-04-01,SwissNationalBank,5
1990,Q3,1990-07-01,FederalReserve,7.99
1990,Q3,1990-07-01,BankOfEngland,14
1990,Q3,1990-07-01,BankOfJapan,6
1990,Q3,1990-07-01,PeoplesBankOfChina,8.64
1990,Q3,1990-07-01,ReserveBankOfAustralia,15
1990,Q3,1990-07-01,BankOfCanada,12.87
1990,Q3,1990-07-01,SwissNationalBank,5
1990,Q4,1990-10-01,FederalReserve,7.31
1990,Q4,1990-10-01,BankOfEngland,14
1990,Q4,1990-10-01,BankOfJapan,6
1990,Q4,1990-10-01,PeoplesBankOfChina,8.64
1990,Q4,1990-10-01,ReserveBankOfAustralia,13
1990,Q4,1990-10-01,BankOfCanada,11.78
1990,Q4,1990-10-01,SwissNationalBank,5
1991,Q1,1991-01-01,FederalReserve,6.41
1991,Q1,1991-01-01,BankOfEngland,13
1991,Q1,1991-01-01,BankOfJapan,6
1991,Q1,1991-01-01,PeoplesBankOfChina,8.64
1991,Q1,1991-01-01,ReserveBankOfAustralia,12
1991,Q1,1991-01-01,BankOfCanada,10.14
1991,Q1,1991-01-01,SwissNationalBank,5
1991,Q2,1991-04-01,FederalReserve,5.9
1991,Q2,1991-04-01,BankOfEngland,11.5
1991,Q2,1991-04-01,BankOfJapan,5.5
1991,Q2,1991-04-01,PeoplesBankOfChina,8.64
1991,Q2,1991-04-01,ReserveBankOfAustralia,11
1991,Q2,1991-04-01,BankOfCanada,9.24
1991,Q2,1991-04-01,SwissNationalBank,5
1991,Q3,1991-07-01,FederalReserve,5.45
1991,Q3,1991-07-01,BankOfEngland,10.5
1991,Q3,1991-07-01,BankOfJapan,5.5
1991,Q3,1991-07-01,PeoplesBankOfChina,8.64
1991,Q3,1991-07-01,ReserveBankOfAustralia,10.5
1991,Q3,1991-07-01,BankOfCanada,8.92
1991,Q3,1991-07-01,SwissNationalBank,5
1991,Q4,1991-10-01,FederalReserve,4.61
1991,Q4,1991-10-01,BankOfEngland,10.5
1991,Q4,1991-10-01,BankOfJapan,5
1991,Q4,1991-10-01,PeoplesBankOfChina,8.64
1991,Q4,1991-10-01,ReserveBankOfAustralia,9.5
1991,Q4,1991-10-01,BankOfCanada,7.47
1991,Q4,1991-10-01,SwissNationalBank,5
1992,Q1,1992-01-01,FederalReserve,4.06
1992,Q1,1992-01-01,BankOfEngland,10.5
1992,Q1,1992-01-01,BankOfJapan,4.5
1992,Q1,1992-01-01,PeoplesBankOfChina,8.64
1992,Q1,1992-01-01,ReserveBankOfAustralia,8.5
1992,Q1,1992-01-01,BankOfCanada,7.07
1992,Q1,1992-01-01,SwissNationalBank,5
1992,Q2,1992-04-01,FederalReserve,3.76
1992,Q2,1992-04-01,BankOfEngland,10
1992,Q2,1992-04-01,BankOfJapan,4.5
1992,Q2,1992-04-01,PeoplesBankOfChina,8.64
1992,Q2,1992-04-01,ReserveBankOfAustralia,7.5
1992,Q2,1992-04-01,BankOfCanada,7.07
1992,Q2,1992-04-01,SwissNationalBank,5
1992,Q3,1992-07-01,FederalReserve,3.22
1992,Q3,1992-07-01,BankOfEngland,10
1992,Q3,1992-07-01,BankOfJapan,3.25
1992,Q3,1992-07-01,PeoplesBankOfChina,8.64
1992,Q3,1992-07-01,ReserveBankOfAustralia,6.5
1992,Q3,1992-07-01,BankOfCanada,6.85
1992,Q3,1992-07-01,SwissNationalBank,5
1992,Q4,1992-10-01,FederalReserve,2.92
1992,Q4,1992-10-01,BankOfEngland,7
1992,Q4,1992-10-01,BankOfJapan,3.25
1992,Q4,1992-10-01,PeoplesBankOfChina,8.64
1992,Q4,1992-10-01,ReserveBankOfAustralia,6.5
1992,Q4,1992-10-01,BankOfCanada,7.24
1992,Q4,1992-10-01,SwissNationalBank,5
1993,Q1,1993-01-01,FederalReserve,3.02
1993,Q1,1993-01-01,BankOfEngland,6
1993,Q1,1993-01-01,BankOfJapan,3
1993,Q1,1993-01-01,PeoplesBankOfChina,8.64
1993,Q1,1993-01-01,ReserveBankOfAustralia,6.5
1993,Q1,1993-01-01,BankOfCanada,6.35
1993,Q1,1993-01-01,SwissNationalBank,5
1993,Q2,1993-04-01,FederalReserve,3.04
1993,Q2,1993-04-01,BankOfEngland,6
1993,Q2,1993-04-01,BankOfJapan,2.5
1993,Q2,1993-04-01,PeoplesBankOfChina,8.64
1993,Q2,1993-04-01,ReserveBankOfAustralia,5.5
1993,Q2,1993-04-01,BankOfCanada,5.16
1993,Q2,1993-04-01,SwissNationalBank,5
1993,Q3,1993-07-01,FederalReserve,3.06
1993,Q3,1993-07-01,BankOfEngland,6
1993,Q3,1993-07-01,BankOfJapan,2.5
1993,Q3,1993-07-01,PeoplesBankOfChina,8.64
1993,Q3,1993-07-01,ReserveBankOfAustralia,5.5
1993,Q3,1993-07-01,BankOfCanada,4.93
1993,Q3,1993-07-01,SwissNationalBank,5
1993,Q4,1993-10-01,FederalReserve,3.02
1993,Q4,1993-10-01,BankOfEngland,5.5
1993,Q4,1993-10-01,BankOfJapan,1.75
1993,Q4,1993-10-01,PeoplesBankOfChina,8.64
1993,Q4,1993-10-01,ReserveBankOfAustralia,5.5
1993,Q4,1993-10-01,BankOfCanada,4.43
1993,Q4,1993-10-01,SwissNationalBank,5
1994,Q1,1994-01-01,FederalReserve,3.34
1994,Q1,1994-01-01,BankOfEngland,5.25
1994,Q1,1994-01-01,BankOfJapan,1.75
1994,Q1,1994-01-01,PeoplesBankOfChina,10.8
1994,Q1,1994-01-01,ReserveBankOfAustralia,5.5
1994,Q1,1994-01-01,BankOfCanada,5.04
1994,Q1,1994-01-01,SwissNationalBank,5
1994,Q2,1994-04-01,FederalReserve,4.25
1994,Q2,1994-04-01,BankOfEngland,5.5
1994,Q2,1994-04-01,BankOfJapan,1.75
1994,Q2,1994-04-01,PeoplesBankOfChina,10.8
1994,Q2,1994-04-01,ReserveBankOfAustralia,5.5
1994,Q2,1994-04-01,BankOfCanada,5.94
1994,Q2,1994-04-01,SwissNationalBank,5
1994,Q3,1994-07-01,FederalReserve,4.73
1994,Q3,1994-07-01,BankOfEngland,5.75
1994,Q3,1994-07-01,BankOfJapan,1.75
1994,Q3,1994-07-01,PeoplesBankOfChina,10.8
1994,Q3,1994-07-01,ReserveBankOfAustralia,5.5
1994,Q3,1994-07-01,BankOfCanada,6.03
1994,Q3,1994-07-01,SwissNationalBank,5
1994,Q4,1994-10-01,FederalReserve,5.45
1994,Q4,1994-10-01,BankOfEngland,6.25
1994,Q4,1994-10-01,BankOfJapan,1.75
1994,Q4,1994-10-01,PeoplesBankOfChina,10.8
1994,Q4,1994-10-01,ReserveBankOfAustralia,6.5
1994,Q4,1994-10-01,BankOfCanada,7.14
1994,Q4,1994-10-01,SwissNationalBank,5
1995,Q1,1995-01-01,FederalReserve,5.92
1995,Q1,1995-01-01,BankOfEngland,6.75
1995,Q1,1995-01-01,BankOfJapan,1.75
1995,Q1,1995-01-01,PeoplesBankOfChina,10.8
1995,Q1,1995-01-01,ReserveBankOfAustralia,7.5
1995,Q1,1995-01-01,BankOfCanada,7.97
1995,Q1,1995-01-01,SwissNationalBank,4
1995,Q2,1995-04-01,FederalReserve,6
1995,Q2,1995-04-01,BankOfEngland,6.75
1995,Q2,1995-04-01,BankOfJapan,1
1995,Q2,1995-04-01,PeoplesBankOfChina,10.8
1995,Q2,1995-04-01,ReserveBankOfAustralia,7.5
1995,Q2,1995-04-01,BankOfCanada,7.47
1995,Q2,1995-04-01,SwissNationalBank,4
1995,Q3,1995-07-01,FederalReserve,5.74
1995,Q3,1995-07-01,BankOfEngland,6.75
1995,Q3,1995-07-01,BankOfJapan,0.5
1995,Q3,1995-07-01,PeoplesBankOfChina,10.8
1995,Q3,1995-07-01,ReserveBankOfAustralia,7.5
1995,Q3,1995-07-01,BankOfCanada,6.85
1995,Q3,1995-07-01,SwissNationalBank,4
1995,Q4,1995-10-01,FederalReserve,5.6
1995,Q4,1995-10-01,BankOfEngland,6.5
1995,Q4,1995-10-01,BankOfJapan,0.5
1995,Q4,1995-10-01,PeoplesBankOfChina,10.8
1995,Q4,1995-10-01,ReserveBankOfAustralia,7.5
1995,Q4,1995-10-01,BankOfCanada,6.34
1995,Q4,1995-10-01,SwissNationalBank,4
1996,Q1,1996-01-01,FederalReserve,5.31
1996,Q1,1996-01-01,BankOfEngland,6
1996,Q1,1996-01-01,BankOfJapan,0.5
1996,Q1,1996-01-01,PeoplesBankOfChina,10.8
1996,Q1,1996-01-01,ReserveBankOfAustralia,7.5
1996,Q1,1996-01-01,BankOfCanada,5.43
1996,Q1,1996-01-01,SwissNationalBank,3
1996,Q2,1996-04-01,FederalReserve,5.27
1996,Q2,1996-04-01,BankOfEngland,6
1996,Q2,1996-04-01,BankOfJapan,0.5
1996,Q2,1996-04-01,PeoplesBankOfChina,10.8
1996,Q2,1996-04-01,ReserveBankOfAustralia,7.5
1996,Q2,1996-04-01,BankOfCanada,5.04
1996,Q2,1996-04-01,SwissNationalBank,3
1996,Q3,1996-07-01,FederalReserve,5.22
1996,Q3,1996-07-01,BankOfEngland,6
1996,Q3,1996-07-01,BankOfJapan,0.5
1996,Q3,1996-07-01,PeoplesBankOfChina,10.8
1996,Q3,1996-07-01,ReserveBankOfAustralia,7
1996,Q3,1996-07-01,BankOfCanada,4.43
1996,Q3,1996-07-01,SwissNationalBank,3
1996,Q4,1996-10-01,FederalReserve,5.27
1996,Q4,1996-10-01,BankOfEngland,6
1996,Q4,1996-10-01,BankOfJapan,0.5
1996,Q4,1996-10-01,PeoplesBankOfChina,10.8
1996,Q4,1996-10-01,ReserveBankOfAustralia,6.5
1996,Q4,1996-10-01,BankOfCanada,3.22
1996,Q4,1996-10-01,SwissNationalBank,3
1997,Q1,1997-01-01,FederalReserve,5.39
1997,Q1,1997-01-01,BankOfEngland,6.25
1997,Q1,1997-01-01,BankOfJapan,0.5
1997,Q1,1997-01-01,PeoplesBankOfChina,8.64
1997,Q1,1997-01-01,ReserveBankOfAustralia,6.5
1997,Q1,1997-01-01,BankOfCanada,3.22
1997,Q1,1997-01-01,SwissNationalBank,3
1997,Q2,1997-04-01,FederalReserve,5.56
1997,Q2,1997-04-01,BankOfEngland,6.75
1997,Q2,1997-04-01,BankOfJapan,0.5
1997,Q2,1997-04-01,PeoplesBankOfChina,8.64
1997,Q2,1997-04-01,ReserveBankOfAustralia,6
1997,Q2,1997-04-01,BankOfCanada,3.42
1997,Q2,1997-04-01,SwissNationalBank,3
1997,Q3,1997-07-01,FederalReserve,5.54
1997,Q3,1997-07-01,BankOfEngland,7
1997,Q3,1997-07-01,BankOfJapan,0.5
1997,Q3,1997-07-01,PeoplesBankOfChina,8.64
1997,Q3,1997-07-01,ReserveBankOfAustralia,5.5
1997,Q3,1997-07-01,BankOfCanada,3.82
1997,Q3,1997-07-01,SwissNationalBank,3
1997,Q4,1997-10-01,FederalReserve,5.5
1997,Q4,1997-10-01,BankOfEngland,7.25
1997,Q4,1997-10-01,BankOfJapan,0.5
1997,Q4,1997-10-01,PeoplesBankOfChina,8.64
1997,Q4,1997-10-01,ReserveBankOfAustralia,5.5
1997,Q4,1997-10-01,BankOfCanada,4.43
1997,Q4,1997-10-01,SwissNationalBank,3
1998,Q1,1998-01-01,FederalReserve,5.49
1998,Q1,1998-01-01,BankOfEngland,7.25
1998,Q1,1998-01-01,BankOfJapan,0.5
1998,Q1,1998-01-01,PeoplesBankOfChina,8.64
1998,Q1,1998-01-01,ReserveBankOfAustralia,5.5
1998,Q1,1998-01-01,BankOfCanada,4.83
1998,Q1,1998-01-01,SwissNationalBank,3
1998,Q2,1998-04-01,FederalReserve,5.56
1998,Q2,1998-04-01,BankOfEngland,7.5
1998,Q2,1998-04-01,BankOfJapan,0.5
1998,Q2,1998-04-01,PeoplesBankOfChina,6.21
1998,Q2,1998-04-01,ReserveBankOfAustralia,5
1998,Q2,1998-04-01,BankOfCanada,5.04
1998,Q2,1998-04-01,SwissNationalBank,3
1998,Q3,1998-07-01,FederalReserve,5.51
1998,Q3,1998-07-01,BankOfEngland,7.5
1998,Q3,1998-07-01,BankOfJapan,0.5
1998,Q3,1998-07-01,PeoplesBankOfChina,5.49
1998,Q3,1998-07-01,ReserveBankOfAustralia,5
1998,Q3,1998-07-01,BankOfCanada,5.44
1998,Q3,1998-07-01,SwissNationalBank,3
1998,Q4,1998-10-01,FederalReserve,4.83
1998,Q4,1998-10-01,BankOfEngland,6.75
1998,Q4,1998-10-01,BankOfJapan,0.5
1998,Q4,1998-10-01,PeoplesBankOfChina,5.49
1998,Q4,1998-10-01,ReserveBankOfAustralia,4.8
1998,Q4,1998-10-01,BankOfCanada,5.04
1998,Q4,1998-10-01,SwissNationalBank,3
1999,Q1,1999-01-01,FederalReserve,4.81
1999,Q1,1999-01-01,EuropeanCentralBank,2
1999,Q1,1999-01-01,BankOfEngland,5.5
1999,Q1,1999-01-01,BankOfJapan,0.1
1999,Q1,1999-01-01,PeoplesBankOfChina,5.49
1999,Q1,1999-01-01,ReserveBankOfAustralia,4.8
1999,Q1,1999-01-01,BankOfCanada,4.83
1999,Q1,1999-01-01,SwissNationalBank,3
1999,Q2,1999-04-01,FederalReserve,4.76
1999,Q2,1999-04-01,EuropeanCentralBank,2
1999,Q2,1999-04-01,BankOfEngland,5
1999,Q2,1999-04-01,BankOfJapan,0.1
1999,Q2,1999-04-01,PeoplesBankOfChina,5.49
1999,Q2,1999-04-01,ReserveBankOfAustralia,4.8
1999,Q2,1999-04-01,BankOfCanada,4.73
1999,Q2,1999-04-01,SwissNationalBank,3
1999,Q3,1999-07-01,FederalReserve,5.22
1999,Q3,1999-07-01,EuropeanCentralBank,2
1999,Q3,1999-07-01,BankOfEngland,5.25
1999,Q3,1999-07-01,BankOfJapan,0.1
1999,Q3,1999-07-01,PeoplesBankOfChina,5.49
1999,Q3,1999-07-01,ReserveBankOfAustralia,4.8
1999,Q3,1999-07-01,BankOfCanada,4.83
1999,Q3,1999-07-01,SwissNationalBank,3
1999,Q4,1999-10-01,FederalReserve,5.3
1999,Q4,1999-10-01,EuropeanCentralBank,2
1999,Q4,1999-10-01,BankOfEngland,5.5
1999,Q4,1999-10-01,BankOfJapan,0.1
1999,Q4,1999-10-01,PeoplesBankOfChina,5.49
1999,Q4,1999-10-01,ReserveBankOfAustralia,5
1999,Q4,1999-10-01,BankOfCanada,4.93
1999,Q4,1999-10-01,SwissNationalBank,3
2000,Q1,2000-01-01,FederalReserve,5.85
2000,Q1,2000-01-01,EuropeanCentralBank,2.25
2000,Q1,2000-01-01,BankOfEngland,6
2000,Q1,2000-01-01,BankOfJapan,0.1
2000,Q1,2000-01-01,PeoplesBankOfChina,5.49
2000,Q1,2000-01-01,ReserveBankOfAustralia,5.5
2000,Q1,2000-01-01,BankOfCanada,5.14
2000,Q1,2000-01-01,SwissNationalBank,3
2000,Q2,2000-04-01,FederalReserve,6.24
2000,Q2,2000-04-01,EuropeanCentralBank,2.75
2000,Q2,2000-04-01,BankOfEngland,6
2000,Q2,2000-04-01,BankOfJapan,0.1
2000,Q2,2000-04-01,PeoplesBankOfChina,5.49
2000,Q2,2000-04-01,ReserveBankOfAustralia,6
2000,Q2,2000-04-01,BankOfCanada,5.64
2000,Q2,2000-04-01,SwissNationalBank,3
2000,Q3,2000-07-01,FederalReserve,6.5
2000,Q3,2000-07-01,EuropeanCentralBank,3.25
2000,Q3,2000-07-01,BankOfEngland,6
2000,Q3,2000-07-01,BankOfJapan,0.25
2000,Q3,2000-07-01,PeoplesBankOfChina,5.49
2000,Q3,2000-07-01,ReserveBankOfAustralia,6.25
2000,Q3,2000-07-01,BankOfCanada,5.74
2000,Q3,2000-07-01,SwissNationalBank,3
2000,Q4,2000-10-01,FederalReserve,6.4
2000,Q4,2000-10-01,EuropeanCentralBank,3.75
2000,Q4,2000-10-01,BankOfEngland,6
2000,Q4,2000-10-01,BankOfJapan,0.25
2000,Q4,2000-10-01,PeoplesBankOfChina,5.49
2000,Q4,2000-10-01,ReserveBankOfAustralia,6.25
2000,Q4,2000-10-01,BankOfCanada,5.74
2000,Q4,2000-10-01,SwissNationalBank,3
2001,Q1,2001-01-01,FederalReserve,5.31
2001,Q1,2001-01-01,EuropeanCentralBank,3.75
2001,Q1,2001-01-01,BankOfEngland,5.75
2001,Q1,2001-01-01,BankOfJapan,0.15
2001,Q1,2001-01-01,PeoplesBankOfChina,5.49
2001,Q1,2001-01-01,ReserveBankOfAustralia,5.5
2001,Q1,2001-01-01,BankOfCanada,5.14
2001,Q1,2001-01-01,SwissNationalBank,3
2001,Q2,2001-04-01,FederalReserve,3.97
2001,Q2,2001-04-01,EuropeanCentralBank,3.75
2001,Q2,2001-04-01,BankOfEngland,5.25
2001,Q2,2001-04-01,BankOfJapan,0.1
2001,Q2,2001-04-01,PeoplesBankOfChina,5.49
2001,Q2,2001-04-01,ReserveBankOfAustralia,5
2001,Q2,2001-04-01,BankOfCanada,4.63
2001,Q2,2001-04-01,SwissNationalBank,3
2001,Q3,2001-07-01,FederalReserve,3.5
2001,Q3,2001-07-01,EuropeanCentralBank,3.25
2001,Q3,2001-07-01,BankOfEngland,5
2001,Q3,2001-07-01,BankOfJapan,0.1
2001,Q3,2001-07-01,PeoplesBankOfChina,5.49
2001,Q3,2001-07-01,ReserveBankOfAustralia,4.9
2001,Q3,2001-07-01,BankOfCanada,4.23
2001,Q3,2001-07-01,SwissNationalBank,3
2001,Q4,2001-10-01,FederalReserve,1.87
2001,Q4,2001-10-01,EuropeanCentralBank,2.25
2001,Q4,2001-10-01,BankOfEngland,4
2001,Q4,2001-10-01,BankOfJapan,0.1
2001,Q4,2001-10-01,PeoplesBankOfChina,5.49
2001,Q4,2001-10-01,ReserveBankOfAustralia,4.25
2001,Q4,2001-10-01,BankOfCanada,2.21
2001,Q4,2001-10-01,SwissNationalBank,3
2002,Q1,2002-01-01,FederalReserve,1.75
2002,Q1,2002-01-01,EuropeanCentralBank,2.25
2002,Q1,2002-01-01,BankOfEngland,4
2002,Q1,2002-01-01,BankOfJapan,0.1
2002,Q1,2002-01-01,PeoplesBankOfChina,5.31
2002,Q1,2002-01-01,ReserveBankOfAustralia,4.25
2002,Q1,2002-01-01,BankOfCanada,2.21
2002,Q1,2002-01-01,SwissNationalBank,3
2002,Q2,2002-04-01,FederalReserve,1.75
2002,Q2,2002-04-01,EuropeanCentralBank,2.25
2002,Q2,2002-04-01,BankOfEngland,4
2002,Q2,2002-04-01,BankOfJapan,0.1
2002,Q2,2002-04-01,PeoplesBankOfChina,5.31
2002,Q2,2002-04-01,ReserveBankOfAustralia,4.5
2002,Q2,2002-04-01,BankOfCanada,2.51
2002,Q2,2002-04-01,SwissNationalBank,3
2002,Q3,2002-07-01,FederalReserve,1.75
2002,Q3,2002-07-01,EuropeanCentralBank,2.25
2002,Q3,2002-07-01,BankOfEngland,4
2002,Q3,2002-07-01,BankOfJapan,0.1
2002,Q3,2002-07-01,PeoplesBankOfChina,5.31
2002,Q3,2002-07-01,ReserveBankOfAustralia,4.75
2002,Q3,2002-07-01,BankOfCanada,2.71
2002,Q3,2002-07-01,SwissNationalBank,3
2002,Q4,2002-10-01,FederalReserve,1.25
2002,Q4,2002-10-01,EuropeanCentralBank,1.75
2002,Q4,2002-10-01,BankOfEngland,4
2002,Q4,2002-10-01,BankOfJapan,0.1
2002,Q4,2002-10-01,PeoplesBankOfChina,5.31
2002,Q4,2002-10-01,ReserveBankOfAustralia,4.75
2002,Q4,2002-10-01,BankOfCanada,2.91
2002,Q4,2002-10-01,SwissNationalBank,3
2003,Q1,2003-01-01,FederalReserve,1.25
2003,Q1,2003-01-01,EuropeanCentralBank,1.75
2003,Q1,2003-01-01,BankOfEngland,3.75
2003,Q1,2003-01-01,BankOfJapan,0.1
2003,Q1,2003-01-01,PeoplesBankOfChina,5.31
2003,Q1,2003-01-01,ReserveBankOfAustralia,4.75
2003,Q1,2003-01-01,BankOfCanada,3.01
2003,Q1,2003-01-01,SwissNationalBank,2
2003,Q2,2003-04-01,FederalReserve,1
2003,Q2,2003-04-01,EuropeanCentralBank,1
2003,Q2,2003-04-01,BankOfEngland,3.5
2003,Q2,2003-04-01,BankOfJapan,0.1
2003,Q2,2003-04-01,PeoplesBankOfChina,5.31
2003,Q2,2003-04-01,ReserveBankOfAustralia,4.75
2003,Q2,2003-04-01,BankOfCanada,3.01
2003,Q2,2003-04-01,SwissNationalBank,2
2003,Q3,2003-07-01,FederalReserve,1
2003,Q3,2003-07-01,EuropeanCentralBank,1
2003,Q3,2003-07-01,BankOfEngland,3.5
2003,Q3,2003-07-01,BankOfJapan,0.1
2003,Q3,2003-07-01,PeoplesBankOfChina,5.31
2003,Q3,2003-07-01,ReserveBankOfAustralia,4.75
2003,Q3,2003-07-01,BankOfCanada,2.91
2003,Q3,2003-07-01,SwissNationalBank,2
2003,Q4,2003-10-01,FederalReserve,1
2003,Q4,2003-10-01,EuropeanCentralBank,1
2003,Q4,2003-10-01,BankOfEngland,3.75
2003,Q4,2003-10-01,BankOfJapan,0.1
2003,Q4,2003-10-01,PeoplesBankOfChina,5.31
2003,Q4,2003-10-01,ReserveBankOfAustralia,5.25
2003,Q4,2003-10-01,BankOfCanada,2.71
2003,Q4,2003-10-01,SwissNationalBank,2
2004,Q1,2004-01-01,FederalReserve,1
2004,Q1,2004-01-01,EuropeanCentralBank,1
2004,Q1,2004-01-01,BankOfEngland,4
2004,Q1,2004-01-01,BankOfJapan,0.1
2004,Q1,2004-01-01,PeoplesBankOfChina,5.31
2004,Q1,2004-01-01,ReserveBankOfAustralia,5.25
2004,Q1,2004-01-01,BankOfCanada,2.21
2004,Q1,2004-01-01,SwissNationalBank,2
2004,Q2,2004-04-01,FederalReserve,1
2004,Q2,2004-04-01,EuropeanCentralBank,1
2004,Q2,2004-04-01,BankOfEngland,4.5
2004,Q2,2004-04-01,BankOfJapan,0.1
2004,Q2,2004-04-01,PeoplesBankOfChina,5.58
2004,Q2,2004-04-01,ReserveBankOfAustralia,5.25
2004,Q2,2004-04-01,BankOfCanada,2.01
2004,Q2,2004-04-01,SwissNationalBank,2
2004,Q3,2004-07-01,FederalReserve,1.5
2004,Q3,2004-07-01,EuropeanCentralBank,1
2004,Q3,2004-07-01,BankOfEngland,4.75
2004,Q3,2004-07-01,BankOfJapan,0.1
2004,Q3,2004-07-01,PeoplesBankOfChina,5.58
2004,Q3,2004-07-01,ReserveBankOfAustralia,5.25
2004,Q3,2004-07-01,BankOfCanada,2.21
2004,Q3,2004-07-01,SwissNationalBank,2
2004,Q4,2004-10-01,FederalReserve,2
2004,Q4,2004-10-01,EuropeanCentralBank,1
2004,Q4,2004-10-01,BankOfEngland,4.75
2004,Q4,2004-10-01,BankOfJapan,0.1
2004,Q4,2004-10-01,PeoplesBankOfChina,5.58
2004,Q4,2004-10-01,ReserveBankOfAustralia,5.25
2004,Q4,2004-10-01,BankOfCanada,2.51
2004,Q4,2004-10-01,SwissNationalBank,2
2005,Q1,2005-01-01,FederalReserve,2.5
2005,Q1,2005-01-01,EuropeanCentralBank,1
2005,Q1,2005-01-01,BankOfEngland,4.75
2005,Q1,2005-01-01,BankOfJapan,0.1
2005,Q1,2005-01-01,PeoplesBankOfChina,5.58
2005,Q1,2005-01-01,ReserveBankOfAustralia,5.5
2005,Q1,2005-01-01,BankOfCanada,2.51
2005,Q1,2005-01-01,SwissNationalBank,2
2005,Q2,2005-04-01,FederalReserve,3
2005,Q2,2005-04-01,EuropeanCentralBank,1
2005,Q2,2005-04-01,BankOfEngland,4.75
2005,Q2,2005-04-01,BankOfJapan,0.1
2005,Q2,2005-04-01,PeoplesBankOfChina,5.58
2005,Q2,2005-04-01,ReserveBankOfAustralia,5.5
2005,Q2,2005-04-01,BankOfCanada,2.51
2005,Q2,2005-04-01,SwissNationalBank,2
2005,Q3,2005-07-01,FederalReserve,3.5
2005,Q3,2005-07-01,EuropeanCentralBank,1
2005,Q3,2005-07-01,BankOfEngland,4.5
2005,Q3,2005-07-01,BankOfJapan,0.1
2005,Q3,2005-07-01,PeoplesBankOfChina,5.58
2005,Q3,2005-07-01,ReserveBankOfAustralia,5.5
2005,Q3,2005-07-01,BankOfCanada,2.71
2005,Q3,2005-07-01,SwissNationalBank,2
2005,Q4,2005-10-01,FederalReserve,4
2005,Q4,2005-10-01,EuropeanCentralBank,1.25
2005,Q4,2005-10-01,BankOfEngland,4.5
2005,Q4,2005-10-01,BankOfJapan,0.1
2005,Q4,2005-10-01,PeoplesBankOfChina,5.58
2005,Q4,2005-10-01,ReserveBankOfAustralia,5.5
2005,Q4,2005-10-01,BankOfCanada,3.01
2005,Q4,2005-10-01,SwissNationalBank,2
2006,Q1,2006-01-01,FederalReserve,4.5
2006,Q1,2006-01-01,EuropeanCentralBank,1.5
2006,Q1,2006-01-01,BankOfEngland,4.5
2006,Q1,2006-01-01,BankOfJapan,0.1
2006,Q1,2006-01-01,PeoplesBankOfChina,5.58
2006,Q1,2006-01-01,ReserveBankOfAustralia,5.5
2006,Q1,2006-01-01,BankOfCanada,3.51
2006,Q1,2006-01-01,SwissNationalBank,2
2006,Q2,2006-04-01,FederalReserve,5
2006,Q2,2006-04-01,EuropeanCentralBank,1.75
2006,Q2,2006-04-01,BankOfEngland,4.5
2006,Q2,2006-04-01,BankOfJapan,0.1
2006,Q2,2006-04-01,PeoplesBankOfChina,5.85
2006,Q2,2006-04-01,ReserveBankOfAustralia,5.75
2006,Q2,2006-04-01,BankOfCanada,4.02
2006,Q2,2006-04-01,SwissNationalBank,2
2006,Q3,2006-07-01,FederalReserve,5.25
2006,Q3,2006-07-01,EuropeanCentralBank,2.25
2006,Q3,2006-07-01,BankOfEngland,4.75
2006,Q3,2006-07-01,BankOfJapan,0.25
2006,Q3,2006-07-01,PeoplesBankOfChina,5.85
2006,Q3,2006-07-01,ReserveBankOfAustralia,6
2006,Q3,2006-07-01,BankOfCanada,4.22
2006,Q3,2006-07-01,SwissNationalBank,2
2006,Q4,2006-10-01,FederalReserve,5.25
2006,Q4,2006-10-01,EuropeanCentralBank,2.5
2006,Q4,2006-10-01,BankOfEngland,5
2006,Q4,2006-10-01,BankOfJapan,0.25
2006,Q4,2006-10-01,PeoplesBankOfChina,5.85
2006,Q4,2006-10-01,ReserveBankOfAustralia,6.25
2006,Q4,2006-10-01,BankOfCanada,4.22
2006,Q4,2006-10-01,SwissNationalBank,2
2007,Q1,2007-01-01,FederalReserve,5.25
2007,Q1,2007-01-01,EuropeanCentralBank,2.75
2007,Q1,2007-01-01,BankOfEngland,5.25
2007,Q1,2007-01-01,BankOfJapan,0.5
2007,Q1,2007-01-01,PeoplesBankOfChina,6.12
2007,Q1,2007-01-01,ReserveBankOfAustralia,6.25
2007,Q1,2007-01-01,BankOfCanada,4.22
2007,Q1,2007-01-01,SwissNationalBank,2
2007,Q2,2007-04-01,FederalReserve,5.25
2007,Q2,2007-04-01,EuropeanCentralBank,3
2007,Q2,2007-04-01,BankOfEngland,5.5
2007,Q2,2007-04-01,BankOfJapan,0.5
2007,Q2,2007-04-01,PeoplesBankOfChina,6.57
2007,Q2,2007-04-01,ReserveBankOfAustralia,6.25
2007,Q2,2007-04-01,BankOfCanada,4.22
2007,Q2,2007-04-01,SwissNationalBank,2
2007,Q3,2007-07-01,FederalReserve,5.25
2007,Q3,2007-07-01,EuropeanCentralBank,3
2007,Q3,2007-07-01,BankOfEngland,5.75
2007,Q3,2007-07-01,BankOfJapan,0.5
2007,Q3,2007-07-01,PeoplesBankOfChina,6.84
2007,Q3,2007-07-01,ReserveBankOfAustralia,6.5
2007,Q3,2007-07-01,BankOfCanada,4.52
2007,Q3,2007-07-01,SwissNationalBank,2
2007,Q4,2007-10-01,FederalReserve,4.25
2007,Q4,2007-10-01,EuropeanCentralBank,3
2007,Q4,2007-10-01,BankOfEngland,5.5
2007,Q4,2007-10-01,BankOfJapan,0.5
2007,Q4,2007-10-01,PeoplesBankOfChina,7.29
2007,Q4,2007-10-01,ReserveBankOfAustralia,6.75
2007,Q4,2007-10-01,BankOfCanada,4.02
2007,Q4,2007-10-01,SwissNationalBank,2
2008,Q1,2008-01-01,FederalReserve,2.25
2008,Q1,2008-01-01,EuropeanCentralBank,3
2008,Q1,2008-01-01,BankOfEngland,5.25
2008,Q1,2008-01-01,BankOfJapan,0.5
2008,Q1,2008-01-01,PeoplesBankOfChina,7.29
2008,Q1,2008-01-01,ReserveBankOfAustralia,7.25
2008,Q1,2008-01-01,BankOfCanada,3.51
2008,Q1,2008-01-01,SwissNationalBank,3
2008,Q2,2008-04-01,FederalReserve,2
2008,Q2,2008-04-01,EuropeanCentralBank,3.25
2008,Q2,2008-04-01,BankOfEngland,5
2008,Q2,2008-04-01,BankOfJapan,0.5
2008,Q2,2008-04-01,PeoplesBankOfChina,7.29
2008,Q2,2008-04-01,ReserveBankOfAustralia,7.25
2008,Q2,2008-04-01,BankOfCanada,3.01
2008,Q2,2008-04-01,SwissNationalBank,3
2008,Q3,2008-07-01,FederalReserve,2
2008,Q3,2008-07-01,EuropeanCentralBank,3.25
2008,Q3,2008-07-01,BankOfEngland,5
2008,Q3,2008-07-01,BankOfJapan,0.5
2008,Q3,2008-07-01,PeoplesBankOfChina,7.02
2008,Q3,2008-07-01,ReserveBankOfAustralia,7
2008,Q3,2008-07-01,BankOfCanada,3.01
2008,Q3,2008-07-01,SwissNationalBank,3
2008,Q4,2008-10-01,FederalReserve,0.25
2008,Q4,2008-10-01,EuropeanCentralBank,2
2008,Q4,2008-10-01,BankOfEngland,2
2008,Q4,2008-10-01,BankOfJapan,0.1
2008,Q4,2008-10-01,PeoplesBankOfChina,6.66
2008,Q4,2008-10-01,ReserveBankOfAustralia,4.25
2008,Q4,2008-10-01,BankOfCanada,1.5
2008,Q4,2008-10-01,SwissNationalBank,2
2009,Q1,2009-01-01,FederalReserve,0.25
2009,Q1,2009-01-01,EuropeanCentralBank,1
2009,Q1,2009-01-01,BankOfEngland,0.5
2009,Q1,2009-01-01,BankOfJapan,0.1
2009,Q1,2009-01-01,PeoplesBankOfChina,5.31
2009,Q1,2009-01-01,ReserveBankOfAustralia,3.25
2009,Q1,2009-01-01,BankOfCanada,0.5
2009,Q1,2009-01-01,SwissNationalBank,0
2009,Q2,2009-04-01,FederalReserve,0.25
2009,Q2,2009-04-01,EuropeanCentralBank,0.25
2009,Q2,2009-04-01,BankOfEngland,0.5
2009,Q2,2009-04-01,BankOfJapan,0.1
2009,Q2,2009-04-01,PeoplesBankOfChina,5.31
2009,Q2,2009-04-01,ReserveBankOfAustralia,3
2009,Q2,2009-04-01,BankOfCanada,0.25
2009,Q2,2009-04-01,SwissNationalBank,0
2009,Q3,2009-07-01,FederalReserve,0.25
2009,Q3,2009-07-01,EuropeanCentralBank,0.25
2009,Q3,2009-07-01,BankOfEngland,0.5
2009,Q3,2009-07-01,BankOfJapan,0.1
2009,Q3,2009-07-01,PeoplesBankOfChina,5.31
2009,Q3,2009-07-01,ReserveBankOfAustralia,3
2009,Q3,2009-07-01,BankOfCanada,0.25
2009,Q3,2009-07-01,SwissNationalBank,0
2009,Q4,2009-10-01,FederalReserve,0.25
2009,Q4,2009-10-01,EuropeanCentralBank,0.25
2009,Q4,2009-10-01,BankOfEngland,0.5
2009,Q4,2009-10-01,BankOfJapan,0.1
2009,Q4,2009-10-01,PeoplesBankOfChina,5.31
2009,Q4,2009-10-01,ReserveBankOfAustralia,3.75
2009,Q4,2009-10-01,BankOfCanada,0.25
2009,Q4,2009-10-01,SwissNationalBank,0
2010,Q1,2010-01-01,FederalReserve,0.25
2010,Q1,2010-01-01,EuropeanCentralBank,0.25
2010,Q1,2010-01-01,BankOfEngland,0.5
2010,Q1,2010-01-01,BankOfJapan,0.1
2010,Q1,2010-01-01,PeoplesBankOfChina,5.31
2010,Q1,2010-01-01,ReserveBankOfAustralia,4
2010,Q1,2010-01-01,BankOfCanada,0.25
2010,Q1,2010-01-01,SwissNationalBank,0
2010,Q2,2010-04-01,FederalReserve,0.25
2010,Q2,2010-04-01,EuropeanCentralBank,0.25
2010,Q2,2010-04-01,BankOfEngland,0.5
2010,Q2,2010-04-01,BankOfJapan,0.1
2010,Q2,2010-04-01,PeoplesBankOfChina,5.31
2010,Q2,2010-04-01,ReserveBankOfAustralia,4.5
2010,Q2,2010-04-01,BankOfCanada,0.5
2010,Q2,2010-04-01,SwissNationalBank,0
2010,Q3,2010-07-01,FederalReserve,0.25
2010,Q3,2010-07-01,EuropeanCentralBank,0.25
2010,Q3,2010-07-01,BankOfEngland,0.5
2010,Q3,2010-07-01,BankOfJapan,0.1
2010,Q3,2010-07-01,PeoplesBankOfChina,5.56
2010,Q3,2010-07-01,ReserveBankOfAustralia,4.5
2010,Q3,2010-07-01,BankOfCanada,1
2010,Q3,2010-07-01,SwissNationalBank,0
2010,Q4,2010-10-01,FederalReserve,0.25
2010,Q4,2010-10-01,EuropeanCentralBank,0.25
2010,Q4,2010-10-01,BankOfEngland,0.5
2010,Q4,2010-10-01,BankOfJapan,0.1
2010,Q4,2010-10-01,PeoplesBankOfChina,5.81
2010,Q4,2010-10-01,ReserveBankOfAustralia,4.75
2010,Q4,2010-10-01,BankOfCanada,1
2010,Q4,2010-10-01,SwissNationalBank,0
2011,Q1,2011-01-01,FederalReserve,0.25
2011,Q1,2011-01-01,EuropeanCentralBank,0.25
2011,Q1,2011-01-01,BankOfEngland,0.5
2011,Q1,2011-01-01,BankOfJapan,0.1
2011,Q1,2011-01-01,PeoplesBankOfChina,6.06
2011,Q1,2011-01-01,ReserveBankOfAustralia,4.75
2011,Q1,2011-01-01,BankOfCanada,1
2011,Q1,2011-01-01,SwissNationalBank,0
2011,Q2,2011-04-01,FederalReserve,0.25
2011,Q2,2011-04-01,EuropeanCentralBank,0.5
2011,Q2,2011-04-01,BankOfEngland,0.5
2011,Q2,2011-04-01,BankOfJapan,0.1
2011,Q2,2011-04-01,PeoplesBankOfChina,6.31
2011,Q2,2011-04-01,ReserveBankOfAustralia,4.75
2011,Q2,2011-04-01,BankOfCanada,1
2011,Q2,2011-04-01,SwissNationalBank,0
2011,Q3,2011-07-01,FederalReserve,0.25
2011,Q3,2011-07-01,EuropeanCentralBank,1
2011,Q3,2011-07-01,BankOfEngland,0.5
2011,Q3,2011-07-01,BankOfJapan,0.1
2011,Q3,2011-07-01,PeoplesBankOfChina,6.56
2011,Q3,2011-07-01,ReserveBankOfAustralia,4.75
2011,Q3,2011-07-01,BankOfCanada,1
2011,Q3,2011-07-01,SwissNationalBank,0
2011,Q4,2011-10-01,FederalReserve,0.25
2011,Q4,2011-10-01,EuropeanCentralBank,0.25
2011,Q4,2011-10-01,BankOfEngland,0.5
2011,Q4,2011-10-01,BankOfJapan,0.1
2011,Q4,2011-10-01,PeoplesBankOfChina,6.56
2011,Q4,2011-10-01,ReserveBankOfAustralia,4.25
2011,Q4,2011-10-01,BankOfCanada,1
2011,Q4,2011-10-01,SwissNationalBank,0
2012,Q1,2012-01-01,FederalReserve,0.25
2012,Q1,2012-01-01,EuropeanCentralBank,0.25
2012,Q1,2012-01-01,BankOfEngland,0.5
2012,Q1,2012-01-01,BankOfJapan,0.1
2012,Q1,2012-01-01,PeoplesBankOfChina,6.31
2012,Q1,2012-01-01,ReserveBankOfAustralia,4.25
2012,Q1,2012-01-01,BankOfCanada,1
2012,Q1,2012-01-01,SwissNationalBank,0
2012,Q2,2012-04-01,FederalReserve,0.25
2012,Q2,2012-04-01,EuropeanCentralBank,0.25
2012,Q2,2012-04-01,BankOfEngland,0.5
2012,Q2,2012-04-01,BankOfJapan,0.1
2012,Q2,2012-04-01,PeoplesBankOfChina,6
2012,Q2,2012-04-01,ReserveBankOfAustralia,3.5
2012,Q2,2012-04-01,BankOfCanada,1
2012,Q2,2012-04-01,SwissNationalBank,0
2012,Q3,2012-07-01,FederalReserve,0.25
2012,Q3,2012-07-01,EuropeanCentralBank,0
2012,Q3,2012-07-01,BankOfEngland,0.5
2012,Q3,2012-07-01,BankOfJapan,0.1
2012,Q3,2012-07-01,PeoplesBankOfChina,6
2012,Q3,2012-07-01,ReserveBankOfAustralia,3.25
2012,Q3,2012-07-01,BankOfCanada,1
2012,Q3,2012-07-01,SwissNationalBank,0
2012,Q4,2012-10-01,FederalReserve,0.25
2012,Q4,2012-10-01,EuropeanCentralBank,0
2012,Q4,2012-10-01,BankOfEngland,0.5
2012,Q4,2012-10-01,BankOfJapan,0.1
2012,Q4,2012-10-01,PeoplesBankOfChina,6
2012,Q4,2012-10-01,ReserveBankOfAustralia,3
2012,Q4,2012-10-01,BankOfCanada,1
2012,Q4,2012-10-01,SwissNationalBank,0
2013,Q1,2013-01-01,FederalReserve,0.25
2013,Q1,2013-01-01,EuropeanCentralBank,0
2013,Q1,2013-01-01,BankOfEngland,0.5
2013,Q1,2013-01-01,BankOfJapan,0.1
2013,Q1,2013-01-01,PeoplesBankOfChina,6
2013,Q1,2013-01-01,ReserveBankOfAustralia,3
2013,Q1,2013-01-01,BankOfCanada,1
2013,Q1,2013-01-01,SwissNationalBank,0
2013,Q2,2013-04-01,FederalReserve,0.25
2013,Q2,2013-04-01,EuropeanCentralBank,0
2013,Q2,2013-04-01,BankOfEngland,0.5
2013,Q2,2013-04-01,BankOfJapan,0.1
2013,Q2,2013-04-01,PeoplesBankOfChina,6
2013,Q2,2013-04-01,ReserveBankOfAustralia,2.75
2013,Q2,2013-04-01,BankOfCanada,1
2013,Q2,2013-04-01,SwissNationalBank,0
2013,Q3,2013-07-01,FederalReserve,0.25
2013,Q3,2013-07-01,EuropeanCentralBank,0
2013,Q3,2013-07-01,BankOfEngland,0.5
2013,Q3,2013-07-01,BankOfJapan,0.1
2013,Q3,2013-07-01,PeoplesBankOfChina,6
2013,Q3,2013-07-01,ReserveBankOfAustralia,2.5
2013,Q3,2013-07-01,BankOfCanada,1
2013,Q3,2013-07-01,SwissNationalBank,0
2013,Q4,2013-10-01,FederalReserve,0.25
2013,Q4,2013-10-01,EuropeanCentralBank,0
2013,Q4,2013-10-01,BankOfEngland,0.5
2013,Q4,2013-10-01,BankOfJapan,0.1
2013,Q4,2013-10-01,PeoplesBankOfChina,6
2013,Q4,2013-10-01,ReserveBankOfAustralia,2.5
2013,Q4,2013-10-01,BankOfCanada,1
2013,Q4,2013-10-01,SwissNationalBank,0
2014,Q1,2014-01-01,FederalReserve,0.25
2014,Q1,2014-01-01,EuropeanCentralBank,0
2014,Q1,2014-01-01,BankOfEngland,0.5
2014,Q1,2014-01-01,BankOfJapan,0.1
2014,Q1,2014-01-01,PeoplesBankOfChina,6
2014,Q1,2014-01-01,ReserveBankOfAustralia,2.5
2014,Q1,2014-01-01,BankOfCanada,1
2014,Q1,2014-01-01,SwissNationalBank,0
2014,Q2,2014-04-01,FederalReserve,0.25
2014,Q2,2014-04-01,EuropeanCentralBank,-0.1
2014,Q2,2014-04-01,BankOfEngland,0.5
2014,Q2,2014-04-01,BankOfJapan,0.1
2014,Q2,2014-04-01,PeoplesBankOfChina,6
2014,Q2,2014-04-01,ReserveBankOfAustralia,2.5
2014,Q2,2014-04-01,BankOfCanada,1
2014,Q2,2014-04-01,SwissNationalBank,0
2014,Q3,2014-07-01,FederalReserve,0.25
2014,Q3,2014-07-01,EuropeanCentralBank,-0.2
2014,Q3,2014-07-01,BankOfEngland,0.5
2014,Q3,2014-07-01,BankOfJapan,0.1
2014,Q3,2014-07-01,PeoplesBankOfChina,6
2014,Q3,2014-07-01,ReserveBankOfAustralia,2.5
2014,Q3,2014-07-01,BankOfCanada,1
2014,Q3,2014-07-01,SwissNationalBank,0
2014,Q4,2014-10-01,FederalReserve,0.25
2014,Q4,2014-10-01,EuropeanCentralBank,-0.2
2014,Q4,2014-10-01,BankOfEngland,0.5
2014,Q4,2014-10-01,BankOfJapan,0.1
2014,Q4,2014-10-01,PeoplesBankOfChina,5.6
2014,Q4,2014-10-01,ReserveBankOfAustralia,2.5
2014,Q4,2014-10-01,BankOfCanada,1
2014,Q4,2014-10-01,SwissNationalBank,0
2015,Q1,2015-01-01,FederalReserve,0.25
2015,Q1,2015-01-01,EuropeanCentralBank,-0.2
2015,Q1,2015-01-01,BankOfEngland,0.5
2015,Q1,2015-01-01,BankOfJapan,0.1
2015,Q1,2015-01-01,PeoplesBankOfChina,5.35
2015,Q1,2015-01-01,ReserveBankOfAustralia,2.25
2015,Q1,2015-01-01,BankOfCanada,0.75
2015,Q1,2015-01-01,SwissNationalBank,0
2015,Q2,2015-04-01,FederalReserve,0.25
2015,Q2,2015-04-01,EuropeanCentralBank,-0.2
2015,Q2,2015-04-01,BankOfEngland,0.5
2015,Q2,2015-04-01,BankOfJapan,0.1
2015,Q2,2015-04-01,PeoplesBankOfChina,4.85
2015,Q2,2015-04-01,ReserveBankOfAustralia,2
2015,Q2,2015-04-01,BankOfCanada,0.75
2015,Q2,2015-04-01,SwissNationalBank,-1
2015,Q3,2015-07-01,FederalReserve,0.25
2015,Q3,2015-07-01,EuropeanCentralBank,-0.2
2015,Q3,2015-07-01,BankOfEngland,0.5
2015,Q3,2015-07-01,BankOfJapan,0.1
2015,Q3,2015-07-01,PeoplesBankOfChina,4.6
2015,Q3,2015-07-01,ReserveBankOfAustralia,2
2015,Q3,2015-07-01,BankOfCanada,0.5
2015,Q3,2015-07-01,SwissNationalBank,-1
2015,Q4,2015-10-01,FederalReserve,0.5
2015,Q4,2015-10-01,EuropeanCentralBank,-0.3
2015,Q4,2015-10-01,BankOfEngland,0.5
2015,Q4,2015-10-01,BankOfJapan,0.1
2015,Q4,2015-10-01,PeoplesBankOfChina,4.35
2015,Q4,2015-10-01,ReserveBankOfAustralia,2
2015,Q4,2015-10-01,BankOfCanada,0.5
2015,Q4,2015-10-01,SwissNationalBank,-1
2016,Q1,2016-01-01,FederalReserve,0.5
2016,Q1,2016-01-01,EuropeanCentralBank,-0.4
2016,Q1,2016-01-01,BankOfEngland,0.5
2016,Q1,2016-01-01,BankOfJapan,-0.1
2016,Q1,2016-01-01,PeoplesBankOfChina,4.35
2016,Q1,2016-01-01,ReserveBankOfAustralia,2
2016,Q1,2016-01-01,BankOfCanada,0.5
2016,Q1,2016-01-01,SwissNationalBank,-1
2016,Q2,2016-04-01,FederalReserve,0.5
2016,Q2,2016-04-01,EuropeanCentralBank,-0.4
2016,Q2,2016-04-01,BankOfEngland,0.5
2016,Q2,2016-04-01,BankOfJapan,-0.1
2016,Q2,2016-04-01,PeoplesBankOfChina,4.35
2016,Q2,2016-04-01,ReserveBankOfAustralia,1.75
2016,Q2,2016-04-01,BankOfCanada,0.5
2016,Q2,2016-04-01,SwissNationalBank,-1
2016,Q3,2016-07-01,FederalReserve,0.5
2016,Q3,2016-07-01,EuropeanCentralBank,-0.4
2016,Q3,2016-07-01,BankOfEngland,0.25
2016,Q3,2016-07-01,BankOfJapan,-0.1
2016,Q3,2016-07-01,PeoplesBankOfChina,4.35
2016,Q3,2016-07-01,ReserveBankOfAustralia,1.5
2016,Q3,2016-07-01,BankOfCanada,0.5
2016,Q3,2016-07-01,SwissNationalBank,-1
2016,Q4,2016-10-01,FederalReserve,0.75
2016,Q4,2016-10-01,EuropeanCentralBank,-0.4
2016,Q4,2016-10-01,BankOfEngland,0.25
2016,Q4,2016-10-01,BankOfJapan,-0.1
2016,Q4,2016-10-01,PeoplesBankOfChina,4.35
2016,Q4,2016-10-01,ReserveBankOfAustralia,1.5
2016,Q4,2016-10-01,BankOfCanada,0.5
2016,Q4,2016-10-01,SwissNationalBank,-1
2017,Q1,2017-01-01,FederalReserve,1
2017,Q1,2017-01-01,EuropeanCentralBank,-0.4
2017,Q1,2017-01-01,BankOfEngland,0.25
2017,Q1,2017-01-01,BankOfJapan,-0.1
2017,Q1,2017-01-01,PeoplesBankOfChina,4.35
2017,Q1,2017-01-01,ReserveBankOfAustralia,1.5
2017,Q1,2017-01-01,BankOfCanada,0.5
2017,Q1,2017-01-01,SwissNationalBank,-1
2017,Q2,2017-04-01,FederalReserve,1.25
2017,Q2,2017-04-01,EuropeanCentralBank,-0.4
2017,Q2,2017-04-01,BankOfEngland,0.25
2017,Q2,2017-04-01,BankOfJapan,-0.1
2017,Q2,2017-04-01,PeoplesBankOfChina,4.35
2017,Q2,2017-04-01,ReserveBankOfAustralia,1.5
2017,Q2,2017-04-01,BankOfCanada,0.5
2017,Q2,2017-04-01,SwissNationalBank,-1
2017,Q3,2017-07-01,FederalReserve,1.25
2017,Q3,2017-07-01,EuropeanCentralBank,-0.4
2017,Q3,2017-07-01,BankOfEngland,0.25
2017,Q3,2017-07-01,BankOfJapan,-0.1
2017,Q3,2017-07-01,PeoplesBankOfChina,4.35
2017,Q3,2017-07-01,ReserveBankOfAustralia,1.5
2017,Q3,2017-07-01,BankOfCanada,1
2017,Q3,2017-07-01,SwissNationalBank,-1
2017,Q4,2017-10-01,FederalReserve,1.5
2017,Q4,2017-10-01,EuropeanCentralBank,-0.4
2017,Q4,2017-10-01,BankOfEngland,0.5
2017,Q4,2017-10-01,BankOfJapan,-0.1
2017,Q4,2017-10-01,PeoplesBankOfChina,4.35
2017,Q4,2017-10-01,ReserveBankOfAustralia,1.5
2017,Q4,2017-10-01,BankOfCanada,1
2017,Q4,2017-10-01,SwissNationalBank,-1
2018,Q1,2018-01-01,FederalReserve,1.75
2018,Q1,2018-01-01,EuropeanCentralBank,-0.4
2018,Q1,2018-01-01,BankOfEngland,0.5
2018,Q1,2018-01-01,BankOfJapan,-0.1
2018,Q1,2018-01-01,PeoplesBankOfChina,4.35
2018,Q1,2018-01-01,ReserveBankOfAustralia,1.5
2018,Q1,2018-01-01,BankOfCanada,1.25
2018,Q1,2018-01-01,SwissNationalBank,-1
2018,Q2,2018-04-01,FederalReserve,2
2018,Q2,2018-04-01,EuropeanCentralBank,-0.4
2018,Q2,2018-04-01,BankOfEngland,0.5
2018,Q2,2018-04-01,BankOfJapan,-0.1
2018,Q2,2018-04-01,PeoplesBankOfChina,4.35
2018,Q2,2018-04-01,ReserveBankOfAustralia,1.5
2018,Q2,2018-04-01,BankOfCanada,1.25
2018,Q2,2018-04-01,SwissNationalBank,-1
2018,Q3,2018-07-01,FederalReserve,2.25
2018,Q3,2018-07-01,EuropeanCentralBank,-0.4
2018,Q3,2018-07-01,BankOfEngland,0.75
2018,Q3,2018-07-01,BankOfJapan,-0.1
2018,Q3,2018-07-01,PeoplesBankOfChina,4.35
2018,Q3,2018-07-01,ReserveBankOfAustralia,1.5
2018,Q3,2018-07-01,BankOfCanada,1.5
2018,Q3,2018-07-01,SwissNationalBank,-1
2018,Q4,2018-10-01,FederalReserve,2.5
2018,Q4,2018-10-01,EuropeanCentralBank,-0.4
2018,Q4,2018-10-01,BankOfEngland,0.75
2018,Q4,2018-10-01,BankOfJapan,-0.1
2018,Q4,2018-10-01,PeoplesBankOfChina,4.35
2018,Q4,2018-10-01,ReserveBankOfAustralia,1.5
2018,Q4,2018-10-01,BankOfCanada,1.75
2018,Q4,2018-10-01,SwissNationalBank,-1
2019,Q1,2019-01-01,FederalReserve,2.5
2019,Q1,2019-01-01,EuropeanCentralBank,-0.4
2019,Q1,2019-01-01,BankOfEngland,0.75
2019,Q1,2019-01-01,BankOfJapan,-0.1
2019,Q1,2019-01-01,PeoplesBankOfChina,4.35
2019,Q1,2019-01-01,ReserveBankOfAustralia,1.5
2019,Q1,2019-01-01,BankOfCanada,1.75
2019,Q1,2019-01-01,SwissNationalBank,-1
2019,Q2,2019-04-01,FederalReserve,2.5
2019,Q2,2019-04-01,EuropeanCentralBank,-0.4
2019,Q2,2019-04-01,BankOfEngland,0.75
2019,Q2,2019-04-01,BankOfJapan,-0.1
2019,Q2,2019-04-01,PeoplesBankOfChina,4.35
2019,Q2,2019-04-01,ReserveBankOfAustralia,1.25
2019,Q2,2019-04-01,BankOfCanada,1.75
2019,Q2,2019-04-01,SwissNationalBank,-1
2019,Q3,2019-07-01,FederalReserve,2
2019,Q3,2019-07-01,EuropeanCentralBank,-0.5
2019,Q3,2019-07-01,BankOfEngland,0.75
2019,Q3,2019-07-01,BankOfJapan,-0.1
2019,Q3,2019-07-01,PeoplesBankOfChina,4.2
2019,Q3,2019-07-01,ReserveBankOfAustralia,1
2019,Q3,2019-07-01,BankOfCanada,1.75
2019,Q3,2019-07-01,SwissNationalBank,-1
2019,Q4,2019-10-01,FederalReserve,1.75
2019,Q4,2019-10-01,EuropeanCentralBank,-0.5
2019,Q4,2019-10-01,BankOfEngland,0.75
2019,Q4,2019-10-01,BankOfJapan,-0.1
2019,Q4,2019-10-01,PeoplesBankOfChina,4.15
2019,Q4,2019-10-01,ReserveBankOfAustralia,0.75
2019,Q4,2019-10-01,BankOfCanada,1.75
2019,Q4,2019-10-01,SwissNationalBank,-1
2020,Q1,2020-01-01,FederalReserve,0.25
2020,Q1,2020-01-01,EuropeanCentralBank,-0.5
2020,Q1,2020-01-01,BankOfEngland,0.1
2020,Q1,2020-01-01,BankOfJapan,-0.1
2020,Q1,2020-01-01,PeoplesBankOfChina,4.05
2020,Q1,2020-01-01,ReserveBankOfAustralia,0.25
2020,Q1,2020-01-01,BankOfCanada,0.75
2020,Q1,2020-01-01,SwissNationalBank,-1
2020,Q2,2020-04-01,FederalReserve,0.25
2020,Q2,2020-04-01,EuropeanCentralBank,-0.5
2020,Q2,2020-04-01,BankOfEngland,0.1
2020,Q2,2020-04-01,BankOfJapan,-0.1
2020,Q2,2020-04-01,PeoplesBankOfChina,3.85
2020,Q2,2020-04-01,ReserveBankOfAustralia,0.25
2020,Q2,2020-04-01,BankOfCanada,0.25
2020,Q2,2020-04-01,SwissNationalBank,-1
2020,Q3,2020-07-01,FederalReserve,0.25
2020,Q3,2020-07-01,EuropeanCentralBank,-0.5
2020,Q3,2020-07-01,BankOfEngland,0.1
2020,Q3,2020-07-01,BankOfJapan,-0.1
2020,Q3,2020-07-01,PeoplesBankOfChina,3.85
2020,Q3,2020-07-01,ReserveBankOfAustralia,0.25
2020,Q3,2020-07-01,BankOfCanada,0.25
2020,Q3,2020-07-01,SwissNationalBank,-1
2020,Q4,2020-10-01,FederalReserve,0.25
2020,Q4,2020-10-01,EuropeanCentralBank,-0.5
2020,Q4,2020-10-01,BankOfEngland,0.1
2020,Q4,2020-10-01,BankOfJapan,-0.1
2020,Q4,2020-10-01,PeoplesBankOfChina,3.85
2020,Q4,2020-10-01,ReserveBankOfAustralia,0.1
2020,Q4,2020-10-01,BankOfCanada,0.25
2020,Q4,2020-10-01,SwissNationalBank,-1
2021,Q1,2021-01-01,FederalReserve,0.25
2021,Q1,2021-01-01,EuropeanCentralBank,-0.5
2021,Q1,2021-01-01,BankOfEngland,0.1
2021,Q1,2021-01-01,BankOfJapan,-0.1
2021,Q1,2021-01-01,PeoplesBankOfChina,3.85
2021,Q1,2021-01-01,ReserveBankOfAustralia,0.1
2021,Q1,2021-01-01,BankOfCanada,0.25
2021,Q1,2021-01-01,SwissNationalBank,-1
2021,Q2,2021-04-01,FederalReserve,0.25
2021,Q2,2021-04-01,EuropeanCentralBank,-0.5
2021,Q2,2021-04-01,BankOfEngland,0.1
2021,Q2,2021-04-01,BankOfJapan,-0.1
2021,Q2,2021-04-01,PeoplesBankOfChina,3.85
2021,Q2,2021-04-01,ReserveBankOfAustralia,0.1
2021,Q2,2021-04-01,BankOfCanada,0.25
2021,Q2,2021-04-01,SwissNationalBank,-1
2021,Q3,2021-07-01,FederalReserve,0.25
2021,Q3,2021-07-01,EuropeanCentralBank,-0.5
2021,Q3,2021-07-01,BankOfEngland,0.1
2021,Q3,2021-07-01,BankOfJapan,-0.1
2021,Q3,2021-07-01,PeoplesBankOfChina,3.85
2021,Q3,2021-07-01,ReserveBankOfAustralia,0.1
2021,Q3,2021-07-01,BankOfCanada,0.25
2021,Q3,2021-07-01,SwissNationalBank,-1
2021,Q4,2021-10-01,FederalReserve,0.25
2021,Q4,2021-10-01,EuropeanCentralBank,-0.5
2021,Q4,2021-10-01,BankOfEngland,0.25
2021,Q4,2021-10-01,BankOfJapan,-0.1
2021,Q4,2021-10-01,PeoplesBankOfChina,3.8
2021,Q4,2021-10-01,ReserveBankOfAustralia,0.1
2021,Q4,2021-10-01,BankOfCanada,0.25
2021,Q4,2021-10-01,SwissNationalBank,-1
2022,Q1,2022-01-01,FederalReserve,0.5
2022,Q1,2022-01-01,EuropeanCentralBank,-0.5
2022,Q1,2022-01-01,BankOfEngland,0.75
2022,Q1,2022-01-01,BankOfJapan,-0.1
2022,Q1,2022-01-01,PeoplesBankOfChina,3.7
2022,Q1,2022-01-01,ReserveBankOfAustralia,0.1
2022,Q1,2022-01-01,BankOfCanada,0.5
2022,Q1,2022-01-01,SwissNationalBank,-1
2022,Q2,2022-04-01,FederalReserve,1.75
2022,Q2,2022-04-01,EuropeanCentralBank,-0.5
2022,Q2,2022-04-01,BankOfEngland,1.25
2022,Q2,2022-04-01,BankOfJapan,-0.1
2022,Q2,2022-04-01,PeoplesBankOfChina,3.7
2022,Q2,2022-04-01,ReserveBankOfAustralia,0.85
2022,Q2,2022-04-01,BankOfCanada,1.5
2022,Q2,2022-04-01,SwissNationalBank,-1
2022,Q3,2022-07-01,FederalReserve,3.25
2022,Q3,2022-07-01,EuropeanCentralBank,0.75
2022,Q3,2022-07-01,BankOfEngland,2.25
2022,Q3,2022-07-01,BankOfJapan,-0.1
2022,Q3,2022-07-01,PeoplesBankOfChina,3.65
2022,Q3,2022-07-01,ReserveBankOfAustralia,2.35
2022,Q3,2022-07-01,BankOfCanada,3.25
2022,Q3,2022-07-01,SwissNationalBank,0
2022,Q4,2022-10-01,FederalReserve,4.5
2022,Q4,2022-10-01,EuropeanCentralBank,2
2022,Q4,2022-10-01,BankOfEngland,3.5
2022,Q4,2022-10-01,BankOfJapan,-0.1
2022,Q4,2022-10-01,PeoplesBankOfChina,3.65
2022,Q4,2022-10-01,ReserveBankOfAustralia,3.1
2022,Q4,2022-10-01,BankOfCanada,4.25
2022,Q4,2022-10-01,SwissNationalBank,0
2023,Q1,2023-01-01,FederalReserve,4.75
2023,Q1,2023-01-01,EuropeanCentralBank,2.5
2023,Q1,2023-01-01,BankOfEngland,4.25
2023,Q1,2023-01-01,BankOfJapan,-0.1
2023,Q1,2023-01-01,PeoplesBankOfChina,3.65
2023,Q1,2023-01-01,ReserveBankOfAustralia,3.6
2023,Q1,2023-01-01,BankOfCanada,4.5
2023,Q1,2023-01-01,SwissNationalBank,1
2023,Q2,2023-04-01,FederalReserve,5
2023,Q2,2023-04-01,EuropeanCentralBank,3
2023,Q2,2023-04-01,BankOfEngland,5
2023,Q2,2023-04-01,BankOfJapan,-0.1
2023,Q2,2023-04-01,PeoplesBankOfChina,3.55
2023,Q2,2023-04-01,ReserveBankOfAustralia,4.1
2023,Q2,2023-04-01,BankOfCanada,4.75
2023,Q2,2023-04-01,SwissNationalBank,2
2023,Q3,2023-07-01,FederalReserve,5.5
2023,Q3,2023-07-01,EuropeanCentralBank,3.75
2023,Q3,2023-07-01,BankOfEngland,5.25
2023,Q3,2023-07-01,BankOfJapan,-0.1
2023,Q3,2023-07-01,PeoplesBankOfChina,3.45
2023,Q3,2023-07-01,ReserveBankOfAustralia,4.1
2023,Q3,2023-07-01,BankOfCanada,5
2023,Q3,2023-07-01,SwissNationalBank,2
2023,Q4,2023-10-01,FederalReserve,5.5
2023,Q4,2023-10-01,EuropeanCentralBank,4
2023,Q4,2023-10-01,BankOfEngland,5.25
2023,Q4,2023-10-01,BankOfJapan,-0.1
2023,Q4,2023-10-01,PeoplesBankOfChina,3.45
2023,Q4,2023-10-01,ReserveBankOfAustralia,4.35
2023,Q4,2023-10-01,BankOfCanada,5
2023,Q4,2023-10-01,SwissNationalBank,2
2024,Q1,2024-01-01,FederalReserve,5.5
2024,Q1,2024-01-01,EuropeanCentralBank,4
2024,Q1,2024-01-01,BankOfEngland,5.25
2024,Q1,2024-01-01,BankOfJapan,0
2024,Q1,2024-01-01,PeoplesBankOfChina,3.45
2024,Q1,2024-01-01,ReserveBankOfAustralia,4.35
2024,Q1,2024-01-01,BankOfCanada,4.5
2024,Q1,2024-01-01,SwissNationalBank,2
2024,Q2,2024-04-01,FederalReserve,5.5
2024,Q2,2024-04-01,EuropeanCentralBank,3.75
2024,Q2,2024-04-01,BankOfEngland,5.25
2024,Q2,2024-04-01,BankOfJapan,0.25
2024,Q2,2024-04-01,PeoplesBankOfChina,3.45
2024,Q2,2024-04-01,ReserveBankOfAustralia,4.35
2024,Q2,2024-04-01,BankOfCanada,4.25
2024,Q2,2024-04-01,SwissNationalBank,1
2024,Q3,2024-07-01,FederalReserve,5.25
2024,Q3,2024-07-01,EuropeanCentralBank,3.25
2024,Q3,2024-07-01,BankOfEngland,5
2024,Q3,2024-07-01,BankOfJapan,0.25
2024,Q3,2024-07-01,PeoplesBankOfChina,3.35
2024,Q3,2024-07-01,ReserveBankOfAustralia,4.35
2024,Q3,2024-07-01,BankOfCanada,3.75
2024,Q3,2024-07-01,SwissNationalBank,1
2024,Q4,2024-10-01,FederalReserve,4.5
2024,Q4,2024-10-01,EuropeanCentralBank,2.75
2024,Q4,2024-10-01,BankOfEngland,4.75
2024,Q4,2024-10-01,BankOfJapan,0.5
2024,Q4,2024-10-01,PeoplesBankOfChina,3.35
2024,Q4,2024-10-01,ReserveBankOfAustralia,4.35
2024,Q4,2024-10-01,BankOfCanada,3.25
2024,Q4,2024-10-01,SwissNationalBank,0
2025,Q1,2025-01-01,FederalReserve,4.5
2025,Q1,2025-01-01,EuropeanCentralBank,2.5
2025,Q1,2025-01-01,BankOfEngland,4.5
2025,Q1,2025-01-01,BankOfJapan,0.5
2025,Q1,2025-01-01,PeoplesBankOfChina,3.35
2025,Q1,2025-01-01,ReserveBankOfAustralia,4.1
2025,Q1,2025-01-01,BankOfCanada,3.25
2025,Q1,2025-01-01,SwissNationalBank,0
